Model,Recall,Precision,F1 Score,AUPRC
Logistic Regression,0.8631578947368421,0.060966542750929366,0.11388888888888889,0.629132278117467
